ID,상임위,소관,세부사업,내역사업,지역성사업,예산,A,B,C
BG001,보건복지위원회,보건복지부,아동수당 지급,아동수당 급여,0,235302,0,0,0
BG002,교육위원회,교육부,국립대학 수익형 민간 투자사업(BTO)소송 관련 지급금,0,1,85000,0,0,0
BG003,환경노동위원회,환경부,하수관로정비,서울 노후하수관로 정비,1,39100,0,1,0
BG004,국토교통위원회,국토교통부,도시철도 노후시설 개선지원,서울지하철 1-4호선 시설개량,1,30800,0,0,0
BG005,교육위원회,교육부,사립대학 시간강사 처우개선,0,0,15233,0,0,0
BG006,환경노동위원회,환경부,지하역사공기질 개선대책,노후역사 환경개선공사,0,11500,0,0,0
BG007,국토교통위원회,국토교통부,도시철도 노후시설 개선지원,부산도시철도 1호선 시설개량,1,10600,0,0,0
BG008,보건복지위원회,보건복지부,보육교직원 인건비 및 운영지원,교사겸직원장 지원비,0,9267,0,0,0
BG009,국토교통위원회,국토교통부,문산-도라산 고속도로,0,1,9200,0,0,0
BG010,농림축산식품해양수산위원회,해양수산부,서귀포 크루즈항 건설,0,1,9000,0,0,0
BG011,보건복지위원회,보건복지부,장사시설설치,함백산 메모리얼파크 건립,1,7000,0,1,1
BG012,국토교통위원회,행정중심복합도시건설청,오송-조치원 연결도로,0,1,7000,0,0,0
BG013,정무위원회,사회적참사 특별조사위원회,인건비(총액),0,0,6285,0,1,0
BG014,국토교통위원회,국토교통부,주차환경개선지원,부산 북구 구포가축시장 공영주차장 조성,1,6000,0,0,1
BG015,국방위원회,방위사업청,MUAV(R&D),0,0,5519,0,0,0
BG016,국방위원회,국방부,일반지원시설,GP 시범철수,0,5102,0,0,0
BG017,국방위원회,방위사업청,대함유도탄방어유도탄 2차,0,0,5000,0,0,0
BG018,문화체육관광위원회,문화체육관광부,관광자원개발(지역자율),부산형 테마거리 탐방로 안내체계 구축,1,5000,0,0,0
BG019,국토교통위원회,국토교통부,재정비촉진사업지원,대전역세권,1,5000,0,0,0
BG020,여성가족위원회,여성가족부,가족센터 건립(지역 지원계정),충남 홍성군 가족통합 지원센터 건립,1,5000,0,0,1
BG021,여성가족위원회,여성가족부,가족센터 건립(지역 지원계정),충북 청주시 가족통합 지원센터 건립,1,5000,0,0,1
BG022,여성가족위원회,여성가족부,가족센터 건립(지역 지원계정),전남 신안군 가족통합 지원센터 건립,1,5000,0,0,1
BG023,여성가족위원회,여성가족부,가족센터 건립(지역 지원계정),경기 군포시 가족통합 지원센터 건립,1,5000,0,0,1
BG024,여성가족위원회,여성가족부,가족센터 건립(지역 지원계정),서울 광진구 가족통합 지원센터 건립,1,5000,0,0,1
BG025,산업통상자원중소벤처기업위원회,산업통상자원부,인천경제자유구역 전시 컨벤션센터건립(BTL),0,1,4943,0,0,0
BG026,국방위원회,방위사업청,전술지대지유도무기(R&D),0,0,4900,0,0,0
BG027,정무위원회,사회적참사 특별조사위원회,기관운영 기본경비(비총액),0,0,4532,0,1,0
BG028,정무위원회,사회적참사 특별조사위원회,세월호참사 진상규명 조사,0,0,4380,0,1,0
BG029,국방위원회,방위사업청,link-16 성능개량,0,0,4000,0,0,0
BG030,산업통상자원중소벤처기업위원회,산업통상자원부,자유무역지역경쟁력 강화사업,0,0,3500,0,0,0
BG031,국토교통위원회,국토교통부,일반철도안전및시설 개량,사후 환경 관리 (경부선 철도지하화 등 시설효율화연구용역),1,3500,0,1,0
BG032,교육위원회,교육부,국립대학 시설확충,전북대 치대3호관 대수선,1,3087,0,0,0
BG033,농림축산식품해양수산위원회,산림청,산림휴양등산증진,국립등산학교 인공 암벽장 조성,1,3000,0,0,0
BG034,산업통상자원중소벤처기업위원회,산업통상자원부,산업단지환경조성,활력 있고 아름다운 거리 조성,0,3000,0,0,0
BG035,문화체육관광위원회,문화체육관광부,아시아문화전당 콘텐츠 및 운영,광주 수영대회 연계 및 킬러콘텐츠 제작 지원,1,2900,0,0,0
BG036,국토교통위원회,국토교통부,주차환경개선지원,부산 수영구 호암골 공영주차장 조성,1,2900,0,0,1
BG037,농림축산식품해양수산위원회,해양경찰청,해양경찰서부정비창 신설,0,1,2818,0,1,0
BG038,보건복지위원회,보건복지부,장사시설설치,울진군립추모원 건립,1,2741,0,1,1
BG039,환경노동위원회,환경부,노후상수관망 정비(창원),0,1,2702,0,0,0
BG040,산업통상자원중소벤처기업위원회,산업통상자원부,심해해양 공학수조 기반구축 사업(R&D),0,1,2600,0,1,0
BG041,보건복지위원회,보건복지부,장사시설설치,인천가족공원 조성,1,2500,0,1,1
BG042,행정안전위원회,중앙선거관리위원회,선거장비및물품관리,0,0,2485,0,0,0
BG043,환경노동위원회,환경부,노후상수관망 정비(목포),0,1,2425,0,0,0
BG044,농림축산식품해양수산위원회,해양수산부,국가어항,어유정항 접안시설 정비,1,2310,0,0,0
BG045,환경노동위원회,환경부,노후상수관망 정비(군산),0,1,2249,0,0,0
BG046,국방위원회,방위사업청,탄도탄작전통제소성능 개량(R&D),0,0,2236,0,0,0
BG047,국방위원회,방위사업청,중어뢰-II,0,0,2200,0,0,0
BG048,교육위원회,교육부,학교 시민교육 활성화 사업,0,0,2140,0,0,0
BG049,보건복지위원회,보건복지부,장사시설설치,제주양지공원 화장시설 현대화,1,2100,0,1,1
BG050,산업통상자원중소벤처기업위원회,중소벤처기업부,ICT융합스마트공장보급확산,스마트마이스터 운영,0,2034,0,0,0
BG051,교육위원회,교육부,국립대학 시설확충,제주대 경상대학1호관 시설보수 사업,1,2000,0,1,0
BG052,문화체육관광위원회,문화재청,세계유산등재 및 보존 관리(보조),경주 양동마을 저잣 거리 조성,1,2000,0,0,0
BG053,산업통상자원중소벤처기업위원회,산업통상자원부,디자인산업진흥,디자인 주도 제조혁신센터,1,2000,0,0,0
BG054,보건복지위원회,보건복지부,농어촌보건소 등 이전 신축(농특),단양군 보건의료원 신축,1,2000,1,0,0
BG055,환경노동위원회,고용노동부,합리적 노사관계지원,노사동반성장 지원 센터 건립 지원,1,2000,0,0,0
BG056,국토교통위원회,국토교통부,일반철도안전및시설 개량,역 시설개량(동해역),1,2000,0,0,0
BG057,국토교통위원회,국토교통부,재정비촉진사업지원,대전 소제구역 중앙공원,1,2000,0,0,0
BG058,국토교통위원회,국토교통부,노선버스 운영체계 개편용역,0,0,2000,0,0,0
BG059,국토교통위원회,국토교통부,울릉도 소형공항 건설,0,1,2000,1,0,0
BG060,환경노동위원회,환경부,노후상수관망 정비,충주 단월 1 2정수장,1,1975,0,1,0
BG061,농림축산식품해양수산위원회,해양수산부,동북아 해양관광레저 특구 조성지원,0,1,1943,0,0,0
BG062,환경노동위원회,고용노동부,한국폴리텍대학운영지원,해양수산캠퍼스충남 서천 건립,1,1860,1,0,0
BG063,보건복지위원회,보건복지부,장애인차별금지 모니터링 및 인식개선,장애인권익옹호기관 운영지원 학대정보시스템 및 교육홍보,0,1741,0,0,0
BG064,농림축산식품해양수산위원회,해양수산부,목포신항,제2자동차부두 건설,1,1730,0,0,0
BG065,정무위원회,사회적참사 특별조사위원회,가습기살균제참사 진상 규명 조사,0,0,1720,0,1,0
BG066,환경노동위원회,환경부,하수처리장 확충,부산 사상구 분뇨처리시설,1,1700,0,0,0
BG067,보건복지위원회,보건복지부,장애인복지시설 기능보강,광주 공립 장애인 복합수련시설,1,1590,0,0,0
BG068,정무위원회,사회적참사 특별조사위원회,기관운영 기본경비(총액),0,0,1555,0,1,0
BG069,산업통상자원중소벤처기업위원회,산업통상자원부,광융합산업 플랫폼 공동 활용 사업화 지원,0,1,1500,0,0,0
BG070,산업통상자원중소벤처기업위원회,중소벤처기업부,ICT융합스마트공장보급확산,지역거점센터 운영부산,1,1500,0,0,0
BG071,보건복지위원회,보건복지부,장사시설설치,수원시 연화장 장사시설 개선,1,1500,0,1,1
BG072,환경노동위원회,환경부,국립생태원 출연,멸종위기동물보호시설 건립,0,1500,0,0,0
BG073,국토교통위원회,국토교통부,일반철도안전및시설 개량,망월사역 시설개선,1,1500,0,0,0
BG074,국토교통위원회,국토교통부,혁신도시 성과평가 및 정책지원,0,0,1500,0,0,0
BG075,과학기술정보방송통신위원회,과학기술정보통신부,국립법인과학관운영,부산-캠프관 건립,1,1400,0,0,0
BG076,교육위원회,교육부,국립대학 부설 특수 학교 설립,부산대 부설 특수학교,1,1361,0,0,0
BG077,산업통상자원중소벤처기업위원회,산업통상자원부,LPG 소형 저장탱크 보급,LPG 소형저장탱크 보급사업 대구 북구 무태조야동,1,1350,0,0,0
BG078,국토교통위원회,국토교통부,교통약자 이동편의 증진,교통약자장거리이동지원,0,1342,0,0,0
BG079,교육위원회,교육부,국립대학 부설 특수 학교 설립,공주대 부설 특수학교,1,1341,0,0,0
BG080,농림축산식품해양수산위원회,산림청,산림생명산업(산림 바이오 혁신성장 거점 조성),0,1,1300,0,0,0
BG081,산업통상자원중소벤처기업위원회,산업통상자원부,바이오나노산업개방형 생태계조성촉진사업,디지털 헬스케어 생태계 구축,1,1300,0,0,0
BG082,보건복지위원회,보건복지부,장사시설설치,인천가족공원 화장로 개보수,1,1300,0,1,1
BG083,산업통상자원중소벤처기업위원회,산업통상자원부,시스템산업거점기관 지원(R&D),중소형 선박 기자재 품질 고도화 센터 구축,1,1233,0,0,0
BG084,교육위원회,교육부,국립대학 시설확충,부산대 양산캠퍼스 융합과학기술대학 신설,1,1220,0,1,0
BG085,환경노동위원회,환경부,노후상수관망 정비,남원 월락정수장,1,1217,0,1,0
BG086,정무위원회,국무조정실 및 국무총리비서실,한-인도네시아 산업 혁신 연구협력사업(R&D ODA),0,0,1200,0,0,0
BG087,농림축산식품해양수산위원회,농림축산식품부,농업농촌 알리기,0,0,1200,0,0,0
BG088,산업통상자원중소벤처기업위원회,산업통상자원부,생활산업경쟁력강화,한국 안경산업 고도화 육성 사업,0,1200,0,0,0
BG089,환경노동위원회,환경부,면단위하수처리장 설치,합천 쌍백,1,1200,0,0,0
BG090,환경노동위원회,고용노동부,합리적 노사관계지원,노동단체 노후시설 개선지원,1,1200,0,0,0
BG091,국토교통위원회,국토교통부,국립항공박물관 운영,0,1,1198,0,0,0
BG092,국토교통위원회,국토교통부,주차환경개선지원,부산 남구 용호3동 공영주차장 조성,1,1170,0,0,1
BG093,정무위원회,국무조정실 및 국무총리비서실,미세먼지개선 기획단 운영,0,0,1167,0,0,0
BG094,정무위원회,사회적참사 특별조사위원회,피해자 지원 대책 수립,0,0,1150,0,1,0
BG095,정무위원회,국가보훈처,4.19혁명공로수당,0,0,1131,0,0,0
BG096,산업통상자원중소벤처기업위원회,산업통상자원부,디자인산업진흥,디자인ㆍ온라인 제조 플랫폼 서비스,0,1122,0,0,0
BG097,교육위원회,교육부,국립대병원 지원,충북대학교병원 수술실 증축,1,1068,0,0,0
BG098,산업통상자원중소벤처기업위원회,산업통상자원부,LPG 소형 저장탱크 보급,LPG 소형저장탱크 보급사업 파주,1,1050,0,0,0
BG099,교육위원회,교육부,국립대학 시설확충,공주대 공과대학 공동 실습공장 건립,1,1000,0,1,0
BG100,교육위원회,교육부,공영형 사립대학 기획 연구,0,0,1000,0,0,0
BG101,과학기술정보방송통신위원회,과학기술정보통신부,연구개발특구운영및 인프라지원,대덕특구리노베이션 마스터플랜 수립,1,1000,0,0,0
BG102,행정안전위원회,행정안전부,재해위험지역정비(보조),광양시 급경사지 붕괴 위험지역 정비,1,1000,0,0,1
BG103,문화체육관광위원회,문화체육관광부,지역콘텐츠산업 균형 발전 지원,IP 융복합 콘텐츠 클러스터 조성,0,1000,0,0,0
BG104,문화체육관광위원회,문화체육관광부,서부내륙권 광역관광 개발(지역지원),덕산온천 휴양마을 조성,1,1000,0,0,0
BG105,농림축산식품해양수산위원회,농림축산식품부,국가식품산업클러스터,기능성식품 제형기술 기반구축 센터 건립,1,1000,0,0,0
BG106,농림축산식품해양수산위원회,농림축산식품부,유기농산업 복합서비스 지원단지 조성,0,1,1000,0,0,0
BG107,농림축산식품해양수산위원회,해양수산부,해양관광육성,군산 해양관광복합지구 조성,1,1000,0,0,1
BG108,농림축산식품해양수산위원회,해양수산부,해양관광육성,고성 해중경관지구 조성,1,1000,0,0,1
BG109,농림축산식품해양수산위원회,해양수산부,해양관광육성,제주 해중경관지구 조성,1,1000,0,0,1
BG110,농림축산식품해양수산위원회,해양수산부,해양관광육성,울산 해양연안 체험 공원 조성,1,1000,0,0,0
BG111,농림축산식품해양수산위원회,해양수산부,선원 복지회관 건립,대천항 선원복지회관 건립,1,1000,0,0,0
BG112,농림축산식품해양수산위원회,해양수산부,항만근로자 복지관 건립,대산항 항만근로자 복지관 건립,1,1000,0,0,0
BG113,농림축산식품해양수산위원회,해양수산부,항만근로자 복지관 건립,평택?당진항 항만종사자 종합복지관 건립,1,1000,0,0,0
BG114,농림축산식품해양수산위원회,해양수산부,도서지역 생활필수품 해상운송비 지원,0,0,1000,0,0,0
BG115,농림축산식품해양수산위원회,해양수산부,수산자원조성사업지원,포항문어 산란서식장조성,1,1000,0,0,0
BG116,농림축산식품해양수산위원회,해양수산부,수산어업행정지원,전남 수산기술원 여수지원 청사 신축,1,1000,0,0,0
BG117,농림축산식품해양수산위원회,해양수산부,수산어업행정지원,경남 수산기술사업소 사천사무소 청사 신축,1,1000,0,0,0
BG118,농림축산식품해양수산위원회,해양수산부,수산어업행정지원,인천 수산기술지원센터 청사 신축,1,1000,0,0,0
BG119,농림축산식품해양수산위원회,산림청,산림휴양등산증진,국립 김천 숲속야영장 조성,1,1000,0,0,0
BG120,산업통상자원중소벤처기업위원회,산업통상자원부,e-모빌리티 엑스포 개최 지원,0,1,1000,0,0,0
BG121,산업통상자원중소벤처기업위원회,중소벤처기업부,창업인프라지원,지식산업센터 건립-나주,1,1000,0,0,1
BG122,산업통상자원중소벤처기업위원회,중소벤처기업부,창업인프라지원,지식산업센터 건립전남 e-모빌리티,1,1000,0,0,1
BG123,산업통상자원중소벤처기업위원회,중소벤처기업부,창업인프라지원,지식산업센터 건립-울산,1,1000,0,0,1
BG124,산업통상자원중소벤처기업위원회,중소벤처기업부,창업인프라지원,지식산업센터 건립-진해,1,1000,0,0,1
BG125,산업통상자원중소벤처기업위원회,중소벤처기업부,창업인프라지원,지식산업센터 건립-남원,1,1000,0,0,1
BG126,산업통상자원중소벤처기업위원회,중소벤처기업부,창업인프라지원,지식산업센터 건립-춘천,1,1000,0,0,1
BG127,보건복지위원회,보건복지부,육아종합지원센터 지원,대구 수성구 육아종합 지원센터 건립,1,1000,0,0,1
BG128,보건복지위원회,보건복지부,육아종합지원센터 지원,경북 구미시 육아종합 지원센터 건립,1,1000,0,0,1
BG129,보건복지위원회,보건복지부,육아종합지원센터 지원,부산 사하구 육아종합 지원센터 건립,1,1000,0,0,1
BG130,환경노동위원회,환경부,하수처리수재이용사업,구미산단 하수처리시설 폐수 전량 재이용 방안 연구,1,1000,0,0,0
BG131,국토교통위원회,국토교통부,자동차 튜닝인증 기술 지원 클러스터 조성(시험인증센터),0,1,1000,1,0,0
BG132,국토교통위원회,국토교통부,노후공단 재정비지원,대구염색 산업단지 재생사업 토지보상,1,1000,0,0,0
BG133,국토교통위원회,국토교통부,고속도로조사,동광주-광산 확장설계비,1,1000,0,0,1
BG134,국토교통위원회,국토교통부,고속도로조사,안산-인천 타당성조사,1,1000,0,0,1
BG135,국토교통위원회,국토교통부,고속도로조사,당진-아산 설계비,1,1000,0,0,1
BG136,국토교통위원회,국토교통부,고속도로조사,영일만 횡단 고속도로 설계비,1,1000,1,0,1
BG137,국토교통위원회,국토교통부,양평-이천 고속도로 건설,0,1,1000,0,0,0
BG138,국토교통위원회,국토교통부,동면-송광(봉산)국도건설,0,1,1000,0,0,1
BG139,국토교통위원회,국토교통부,압해-송공국도건설,0,1,1000,0,0,1
BG140,국토교통위원회,국토교통부,구로차량기지이전,0,1,1000,0,0,0
BG141,국토교통위원회,국토교통부,흑산도 소형공항 건설,0,1,1000,1,0,0
BG142,국토교통위원회,국토교통부,개발제한구역관리,시흥시 죽율 푸르지오6차 앞 선형불량도로 개선,1,1000,0,0,1
BG143,국토교통위원회,국토교통부,빛그린산단광주방면 진입도로,0,1,1000,0,0,0
BG144,국토교통위원회,행정중심복합도시건설청,국회세종의사당건립,0,1,1000,0,0,0
BG145,농림축산식품해양수산위원회,농림축산식품부,농촌용수관리,충북 청주시 오송읍 연제 저수지 수질개선,1,980,0,0,1
BG146,보건복지위원회,보건복지부,소록도병원관리,병사보수,1,970,0,0,0
BG147,문화체육관광위원회,문화체육관광부,문화중심도시육성(지자체),민주주의 상징 문화콘텐츠 제작,1,900,0,0,0
BG148,농림축산식품해양수산위원회,해양수산부,국가어항,어유정항 어구보관 창고 신축,1,900,0,0,0
BG149,보건복지위원회,보건복지부,장사시설설치,천안추모공원 화장로 개보수,1,880,0,1,1
BG150,국토교통위원회,국토교통부,주차환경개선지원,부산 부산진구 가야동 가남 공영주차장 조성,1,870,0,0,1
BG151,교육위원회,교육부,국립대학 시설확충,강원대 삼척캠퍼스 복합스포츠센터 신축,1,862,0,0,0
BG152,교육위원회,교육부,국립대학 시설확충,경인교육대학교 노후 시설 개선,1,840,0,0,0
BG153,보건복지위원회,보건복지부,장사시설설치,강화 황청리 추모공원,1,840,0,1,1
BG154,정무위원회,사회적참사 특별조사위원회,안전사회 건설,0,0,835,0,1,0
BG155,교육위원회,교육부,국립대학 시설확충,경북대 미래창직관 개축,1,800,0,1,0
BG156,행정안전위원회,행정안전부,재해위험지역정비(보조),김천시 인리 재해위험 개선지구 정비,1,800,0,0,1
BG157,보건복지위원회,보건복지부,소록도병원관리,관사보수,1,800,0,0,0
BG158,행정안전위원회,행정안전부,재해위험지역정비(보조),군산시 창성동 부안군 청림 1급 경사지 붕괴위험지역 정비,1,750,0,0,1
BG159,문화체육관광위원회,문화체육관광부,충청유교문화권 광역 관광개발(지역지원),효문화뿌리마을 조성,1,750,0,0,1
BG160,산업통상자원중소벤처기업위원회,산업통상자원부,LPG 소형 저장탱크 보급,LPG 소형저장탱크 보급사업 강화,1,750,0,0,0
BG161,행정안전위원회,행정안전부,대일항쟁기강제동원 조사지원 및 운영,타라와 유골봉환,0,745,0,0,0
BG162,보건복지위원회,보건복지부,어린이집 부정이용 불편 신고 및 현지조사지원,0,0,731,0,0,0
BG163,농림축산식품해양수산위원회,해양수산부,수산자원조성사업지원,양양 남대천 연어 자연산란장 조성,1,700,0,0,0
BG164,농림축산식품해양수산위원회,해양수산부,목포신항,대체 진입도로 건설,1,700,0,0,0
BG165,보건복지위원회,보건복지부,장사시설설치,서귀포 추모공원 건립,1,700,0,1,1
BG166,환경노동위원회,환경부,유체성능시험센터(신규),0,1,700,0,0,0
BG167,보건복지위원회,보건복지부,장사시설설치,안산시 하늘공원 봉안 시설 확충,1,677,0,1,1
BG168,국토교통위원회,행정중심복합도시건설청,광역도시계획 수립,0,0,666,0,0,0
BG169,행정안전위원회,행정안전부,대일항쟁기강제동원 조사지원 및 운영,일제 강제동원 진상조사 및 통국사 유골봉환,0,657,0,0,0
BG170,교육위원회,교육부,국립대병원 지원,부산대학교치과병원 치의학 융복합 진료센터 건립,1,600,0,0,0
BG171,국방위원회,방위사업청,전술지대지유도무기,0,0,600,0,0,0
BG172,문화체육관광위원회,문화체육관광부,방송영상콘텐츠 제작지원,코리아드라마페스티벌,1,600,0,0,0
BG173,문화체육관광위원회,문화체육관광부,충청유교문화권 광역 관광개발(지역지원),사신들 바다순례길 조성,1,600,0,0,1
BG174,문화체육관광위원회,문화체육관광부,충청유교문화권 광역 관광개발(지역지원),홍주천년 양반마을 조성,1,600,0,0,1
BG175,산업통상자원중소벤처기업위원회,산업통상자원부,LPG 소형 저장탱크 보급,LPG 소형저장탱크 보급사업 구미,1,600,0,0,0
BG176,보건복지위원회,보건복지부,장사시설설치,경주시 장사시설 화장로 교체,1,600,0,1,1
BG177,산업통상자원중소벤처기업위원회,산업통상자원부,산업단지환경조성,울산석유 화학단지 지상통합 파이프랙 기본설계,1,560,0,0,0
BG178,교육위원회,교육부,국립대학 시설확충,강원대학교 대운동장 보수사업,1,550,0,0,0
BG179,보건복지위원회,보건복지부,농어촌보건소 등 이전 신축(농특),영광 군남포천 보건 지소 신축,1,550,0,1,0
BG180,환경노동위원회,환경부,하수관로정비,광주 광산 본촌마을,1,540,0,0,0
BG181,보건복지위원회,보건복지부,장애인거주시설 운영 지원,영주 장애인복지시설 법인 운영비 지원,1,530,0,0,0
BG182,문화체육관광위원회,문화체육관광부,충청유교문화권 광역 관광개발(지역지원),문화산수 구곡관광길 조성,1,525,0,0,1
BG183,정무위원회,공정거래위원회,건전한 유통거래 질서확립,대규모유통업 ?가맹사업 관련 사업 이관액,0,519,0,0,0
BG184,국회운영위원회,국회,의원외교활동,한반도 번영과 평화포럼,0,500,0,0,0
BG185,정무위원회,국가보훈처,지방보훈회관(충주),0,1,500,0,0,1
BG186,정무위원회,국가보훈처,지방보훈회관(칠곡),0,1,500,0,0,1
BG187,정무위원회,국가보훈처,3.1운동및대한민국임시정부 수립100주년기념사업,임정사적지탐방 2200km,0,500,0,0,0
BG188,행정안전위원회,행정안전부,제주4.3평화재단지원,제주 4.3 유적 보존,1,500,0,0,0
BG189,농림축산식품해양수산위원회,농림축산식품부,배수개선,대구 달성군 신당지구 배수개선,1,500,0,0,1
BG190,농림축산식품해양수산위원회,농림축산식품부,기후변화 대응 농업 연구단지 조성,0,0,500,0,0,0
BG191,농림축산식품해양수산위원회,농림축산식품부,농촌용수개발,충북 중북부지구 농촌 용수이용체계재편,1,500,0,0,1
BG192,농림축산식품해양수산위원회,농림축산식품부,농촌용수개발,아산 북부지구 농촌 용수이용체계재편,1,500,0,0,1
BG193,농림축산식품해양수산위원회,농림축산식품부,농촌용수개발,구례 중산지구 다목적 농촌용수개발,1,500,0,0,1
BG194,농림축산식품해양수산위원회,농림축산식품부,농촌용수개발,금호-군내 농촌용수 이용체계재편,1,500,0,0,1
BG195,농림축산식품해양수산위원회,해양수산부,해양관광육성,완도 해양치유센터 건립,1,500,0,0,1
BG196,농림축산식품해양수산위원회,해양수산부,해양관광육성,부산 마리나 비즈니스 R&D 센터 건립,1,500,0,0,1
BG197,농림축산식품해양수산위원회,해양수산부,선원 복지회관 건립,성산포항 선원복지회관 시설 사업,1,500,0,0,0
BG198,산업통상자원중소벤처기업위원회,산업통상자원부,광융합산업 생태계 기반 조성 지원사업,0,1,500,0,0,0
BG199,산업통상자원중소벤처기업위원회,산업통상자원부,시스템산업거점기관 지원(R&D),중소형 특수선박 지원 센터 구축사업,1,500,0,0,0
BG200,산업통상자원중소벤처기업위원회,중소벤처기업부,ICT융합스마트공장보급확산,빅데이터센터,0,500,0,0,0
BG201,산업통상자원중소벤처기업위원회,중소벤처기업부,세종 산업기술단지(테크노 파크)조성 사업,0,1,500,0,1,0
BG202,보건복지위원회,보건복지부,의료기술시험훈련원 구축,0,0,500,0,0,0
BG203,환경노동위원회,환경부,면단위하수처리장 설치,군산 성산면,1,500,0,0,0
BG204,환경노동위원회,환경부,하수관로정비,청주 가덕 상대리 내수구성리,1,500,0,0,0
BG205,환경노동위원회,환경부,하수관로정비,서귀포 예래 대륜 2단계,1,500,0,0,0
BG206,환경노동위원회,환경부,하수관로정비,화성 향남,1,500,0,0,0
BG207,환경노동위원회,환경부,하수관로정비,대구 이천봉덕지구,1,500,0,0,0
BG208,환경노동위원회,환경부,하수관로정비,포항 청림 제철동,1,500,0,0,0
BG209,환경노동위원회,환경부,하수관로정비,고양 흥도,1,500,0,0,0
BG210,환경노동위원회,환경부,노후상수관망 정비(거제),0,1,500,0,0,0
BG211,국토교통위원회,국토교통부,철도산업발전지원,달빛내륙철도건설대구 -광주 사전타당성조사,1,500,0,0,0
BG212,국토교통위원회,국토교통부,위례신사선 경전철(위례중앙역-삼동),0,1,500,0,0,0
BG213,국토교통위원회,국토교통부,고속도로조사,계양-강화 사전 기본 계획조사비,1,500,0,1,1
BG214,국토교통위원회,국토교통부,일반국도건설지원,연곡-현북,1,500,0,0,1
BG215,국토교통위원회,국토교통부,양구-원통 국도건설,0,1,500,0,0,1
BG216,국토교통위원회,국토교통부,직산-부성 국도건설,0,1,500,0,0,1
BG217,국토교통위원회,국토교통부,입장-진천국도건설,0,1,500,0,0,1
BG218,국토교통위원회,국토교통부,포항-안동1-1국도건설,0,1,500,0,0,1
BG219,국토교통위원회,국토교통부,신림-판부 국도건설,0,1,500,0,0,1
BG220,국토교통위원회,국토교통부,도로병목지점 개선,국도 27호선순창 가남지구 개선 실시설계 용역,1,500,0,0,1
BG221,국토교통위원회,국토교통부,도로병목지점 개선,국도30호선 소학교차로 개선,1,500,0,0,1
BG222,국토교통위원회,국토교통부,무안국제공항 활주로 연장,0,1,500,1,0,0
BG223,국토교통위원회,국토교통부,주차환경개선지원,부산 금정구 선동 상현 공영주차장 조성,1,500,0,0,1
BG224,국토교통위원회,국토교통부,국가지원지방도건설지원,양평강하-강상,1,500,0,0,1
BG225,국토교통위원회,국토교통부,국가지원지방도건설지원,동막-개야,1,500,0,0,1
BG226,국토교통위원회,국토교통부,국가지원지방도건설지원,미로-하장,1,500,0,0,1
BG227,국토교통위원회,국토교통부,국가지원지방도건설지원,화성장자-용인남사,1,500,0,0,1
BG228,국토교통위원회,국토교통부,국가지원지방도건설지원,부여임천-논상강경,1,500,0,0,1
BG229,국토교통위원회,국토교통부,국가지원지방도건설지원,죽장-달산,1,500,0,0,1
BG230,국토교통위원회,국토교통부,국가지원지방도건설지원,온정-원남,1,500,0,0,1
BG231,국토교통위원회,국토교통부,국가지원지방도건설지원,홍성은하장척-목현,1,500,0,0,1
BG232,국토교통위원회,국토교통부,마령재터널국지도건설,0,1,500,0,0,0
BG233,국토교통위원회,국토교통부,북평-북일국지도건설,0,1,500,1,0,0
BG234,국토교통위원회,국토교통부,양주장흥-광적국지도건설,0,1,500,0,0,0
BG235,국토교통위원회,국토교통부,개발제한구역관리,시흥시 매화지구 개발 제한구역 주민지원사업,1,500,0,0,1
BG236,국토교통위원회,국토교통부,개발제한구역관리,대전경찰훈련시설 진입도로 개설,1,500,0,0,1
BG237,국토교통위원회,국토교통부,개발제한구역관리,남양주시 월문 보행로 및 자전거도로 조성,1,500,0,0,1
BG238,국토교통위원회,국토교통부,개발제한구역관리,고양시 흥도로 132 번지 도로개설공사,1,500,0,0,1
BG239,국토교통위원회,국토교통부,개발제한구역관리,고양시 덕양구 신원동 도로개설공사,1,500,0,0,1
BG240,국토교통위원회,국토교통부,발전거점형 지역계획 시범사업,남해안 오션뷰 명소화 사업(효율화용역),1,500,0,0,0
BG241,국토교통위원회,국토교통부,발전거점형 지역계획 시범사업,섬진강문화벨트 조성 사업(효율화용역),1,500,0,0,0
BG242,보건복지위원회,보건복지부,장사시설설치,경기 시흥 공동형장사 시설 건립,1,492,0,1,1
BG243,환경노동위원회,고용노동부,한국폴리텍대학운영지원,대전캠퍼스 학생회관 건립,1,492,0,0,0
BG244,교육위원회,교육부,재외동포교육 운영지원,하노이 한국교육원 신설,0,486,0,0,0
BG245,국토교통위원회,국토교통부,주차환경개선지원,부산 북구 구포당숲 주변 공영주차장 조성,1,450,0,0,1
BG246,보건복지위원회,보건복지부,발달장애인 지원,바우처 전산시스템 설계 및 운영,0,446,0,0,0
BG247,과학기술정보방송통신위원회,과학기술정보통신부,5G 시험망 기반 테스트 베드 구축,0,0,400,0,0,0
BG248,농림축산식품해양수산위원회,농림축산식품부,농촌용수관리,입장저수지 수질개선,1,400,0,0,1
BG249,보건복지위원회,보건복지부,개도국개발협력사업(ODA),필리핀 메트로마닐라 도시 빈곤지역건강증진사업,0,400,0,0,0
BG250,국토교통위원회,국토교통부,파주센트럴밸리 일반 산단진입도로,0,1,400,0,0,0
BG251,행정안전위원회,행정안전부,재해위험지역정비(보조),무안군 월선지구 급경사지 붕괴위험지구 정비,1,387,0,0,1
BG252,문화체육관광위원회,문화체육관광부,충청유교문화권 광역 관광개발(지역지원),문헌사색원 조성,1,375,0,0,1
BG253,보건복지위원회,보건복지부,장애인복지시설 기능보강,신안군 장애인보호 작업장 신축,1,362,0,0,0
BG254,정무위원회,국가보훈처,현충시설건립,전남항일독립운동기념탑,1,360,0,0,0
BG255,환경노동위원회,환경부,지하수관리,보길도 지하수 저류지 설치,1,350,0,0,0
BG256,국토교통위원회,국토교통부,개발제한구역관리,인천 연수구 선학동 정비사업,1,308,0,0,1
BG257,교육위원회,교육부,국립대학 시설확충,군산대 시민과 함께 하는 열린캠퍼스 조성,1,300,0,0,0
BG258,과학기술정보방송통신위원회,과학기술정보통신부,연구개발특구운영및 인프라지원,융합의학 관련 인프라 조성 타당성 조사,1,300,0,0,0
BG259,국방위원회,국방부,일반지원시설,해군 제6항공전단 실내체육관 신축,1,300,0,0,0
BG260,문화체육관광위원회,문화재청,세계유산등재 및 보존 관리(보조),법주사성보박물관 건립 기본계획 수립 및 설계비,1,300,0,0,0
BG261,농림축산식품해양수산위원회,농림축산식품부,배수개선,고창지구 배수개선,1,300,0,0,1
BG262,농림축산식품해양수산위원회,농림축산식품부,농촌용수개발,천안 북부지구 농촌 용수이용체계재편,1,300,0,0,1
BG263,농림축산식품해양수산위원회,농림축산식품부,농촌용수개발,민북DMZ 지구 다목적 농촌용수개발,1,300,0,0,1
BG264,농림축산식품해양수산위원회,해양수산부,해양관광육성,통영 마리나 비즈센터 건립,1,300,0,0,1
BG265,농림축산식품해양수산위원회,해양수산부,해양관광육성,부산항축제 지원,1,300,0,0,1
BG266,보건복지위원회,보건복지부,아동수당 지급,아동수당ㆍ출산장려금 등 연구용역,0,300,0,0,0
BG267,환경노동위원회,환경부,하수처리수재이용사업,고양 일산수질복원센터,1,300,0,0,0
BG268,환경노동위원회,환경부,하수관로정비,영동 예전 외 5개소,1,300,0,0,0
BG269,환경노동위원회,환경부,하수관로정비,인천 강화 옥림 용정,1,300,0,0,0
BG270,환경노동위원회,환경부,하수관로정비,강릉 시가지,1,300,0,0,0
BG271,환경노동위원회,환경부,하수관로정비,창원 중리처리분구,1,300,0,0,0
BG272,환경노동위원회,환경부,하수관로정비,익산 금마 팔봉 남중,1,300,0,0,0
BG273,환경노동위원회,환경부,하수관로정비,함안 가야 3단계,1,300,0,0,0
BG274,환경노동위원회,환경부,하수관로정비,아산 둔포처리구역,1,300,0,0,0
BG275,환경노동위원회,환경부,하수관로정비,청주 대청호 품곡,1,300,0,0,0
BG276,환경노동위원회,환경부,하수관로정비,고양 벽제3처리분구,1,300,0,0,0
BG277,환경노동위원회,환경부,하수관로정비,양주 장흥처리구역 일영분구,1,300,0,0,0
BG278,환경노동위원회,환경부,농어촌마을하수도정비,태안 신두리,1,300,0,0,0
BG279,환경노동위원회,환경부,농어촌마을하수도정비,청양 천장,1,300,0,0,0
BG280,환경노동위원회,환경부,농어촌마을하수도정비,장성 홍정지구,1,300,0,0,0
BG281,환경노동위원회,환경부,농어촌마을하수도정비,구례 내죽,1,300,0,0,0
BG282,환경노동위원회,환경부,농어촌마을하수도정비,김제 불로,1,300,0,0,0
BG283,환경노동위원회,환경부,농어촌마을하수도정비,남양주 조안면,1,300,0,0,0
BG284,환경노동위원회,환경부,농어촌마을하수도정비,해남 북일 흥촌,1,300,0,0,0
BG285,환경노동위원회,환경부,농어촌마을하수도정비,해남 북평 와룡,1,300,0,0,0
BG286,환경노동위원회,환경부,폐기물처리시설 확충,바이오 황 최적처리 연구,0,300,0,0,0
BG287,환경노동위원회,환경부,산업단지완충저류시설 설치,밀양 나노융합 국가산단,1,300,0,0,0
BG288,국토교통위원회,국토교통부,해외인프라시장개척,해외 건설인의 날,0,300,0,0,0
BG289,국토교통위원회,국토교통부,국가하천정비,섬진강 두곡지구 하상 정비사업,1,300,0,0,0
BG290,국토교통위원회,국토교통부,드론산업 국제박람회,0,1,300,0,0,0
BG291,국토교통위원회,국토교통부,사천 항공산업대교 건설(타당성용역비),0,1,300,0,0,0
BG292,국방위원회,국방부,일반지원시설,육군 15사단 실내체육관 신축,1,284,0,0,0
BG293,문화체육관광위원회,문화체육관광부,충청유교문화권 광역 관광개발(지역지원),토정비결 체험관 조성,1,270,0,0,1
BG294,보건복지위원회,보건복지부,중증장애인자립생활지원,척수장애인 재활훈련 지역센터,0,270,0,0,0
BG295,환경노동위원회,고용노동부,한국폴리텍대학운영지원,성남캠퍼스 학생회관 건립,1,261,0,0,0
BG296,법제사법위원회,법무부,외국인사회통합지원,국적증서 수여식,0,255,0,0,0
BG297,문화체육관광위원회,문화체육관광부,음악산업 및 대중문화 산업 육성,대한민국 청소년 트로트 가요제,0,250,0,0,0
BG298,환경노동위원회,환경부,국토생태네트워크구축,밀양 재약산 생태탐방로,1,250,0,0,0
BG299,교육위원회,교육부,국립대병원 지원,서울대병원 고객주차장 보강 및 리모델링 사업,1,230,0,0,0
BG300,정무위원회,공정거래위원회,건전한 유통거래 질서확립,대리점 관련 사업 이관액,0,222,0,0,0
BG301,환경노동위원회,환경부,농어촌마을하수도정비,광주 평동 평지지구,1,210,0,0,0
BG302,정무위원회,국무조정실 및 국무총리비서실,국토연구원(R&D),도시내온천관광지구 활력증진사업,0,200,0,0,0
BG303,정무위원회,국가보훈처,3.1운동및대한민국임시정부 수립100주년기념사업,2.8독립선언기념행사,0,200,0,0,0
BG304,국방위원회,국방부,일반지원시설,무관학교 기념관 건립 타당성 용역,1,200,0,0,0
BG305,문화체육관광위원회,문화체육관광부,음악산업 및 대중문화 산업 육성,한국대중음악자료원 건립 타당성 검토,1,200,0,0,0
BG306,문화체육관광위원회,문화체육관광부,전통종교문화유산보존,서울 동작구 호국지장사 개보수,1,200,0,0,1
BG307,문화체육관광위원회,문화체육관광부,전통종교문화유산보존,봉은사 개보수,1,200,0,0,1
BG308,문화체육관광위원회,문화체육관광부,전통종교문화유산보존,언해불전 역해 사업,0,200,0,0,0
BG309,문화체육관광위원회,문화체육관광부,동학농민혁명 정신선양,동학농민혁명 기념식 지원,1,200,0,0,0
BG310,문화체육관광위원회,문화체육관광부,관광자원개발(지역자율),축령산 모노레일 설치,1,200,0,0,0
BG311,농림축산식품해양수산위원회,해양수산부,해양정책및문화육성,극지포럼 개최,1,200,0,0,0
BG312,보건복지위원회,보건복지부,개도국개발협력사업(ODA),우즈베키스탄 응급 의료체계 강화사업,0,200,0,0,0
BG313,보건복지위원회,식품의약품안전처,한국식품안전관리인증원 지원,맞춤형 기술지원 및 교육,0,200,0,0,0
BG314,보건복지위원회,식품의약품안전처,희소?긴급도입 필요 의료기기 공급,0,0,200,0,0,0
BG315,환경노동위원회,환경부,한강하류권(4차)급수체계 조성사업(신규),0,1,200,0,0,0
BG316,국토교통위원회,국토교통부,철도산업발전지원,구미산단사곡-구미산단 철도건설 사전타당성조사,1,200,0,0,0
BG317,국토교통위원회,국토교통부,국가하천정비,형산강 오염퇴적토 시범정화사업,1,200,0,0,0
BG318,국토교통위원회,국토교통부,일반국도건설지원,남일-보은1,1,200,0,0,1
BG319,국토교통위원회,국토교통부,일반국도건설지원,남일-금산,1,200,0,0,1
BG320,국토교통위원회,국토교통부,일반국도건설지원,제2경춘국도 사전기본 조사비,1,200,0,1,1
BG321,국토교통위원회,국토교통부,드론기업지원허브 구축 연구,0,0,200,0,0,0
BG322,환경노동위원회,기상청,기상청 청사시설 관리,서해안기상기후센터 설립,1,190,0,0,0
BG323,문화체육관광위원회,문화체육관광부,전통종교문화유산보존,기독교 사회운동사 정리보존 사업,0,180,0,0,0
BG324,정무위원회,국가보훈처,현충시설건립,전남 보성군 참전기념탑 건립,1,177,0,0,0
BG325,국회운영위원회,국회,국회청사유지및관리,도청탐지설비 설치,0,176,0,0,0
BG326,국방위원회,국방부,일반지원시설,203특공여단 다목적 체육관 신축,1,159,0,0,0
BG327,정무위원회,사회적참사 특별조사위원회,서고 운영 및 참사 관련 자료 이관 보존,0,0,152,0,1,0
BG328,외교통일위원회,외교부,외교센터 리모델링 사업,0,0,150,0,0,0
BG329,농림축산식품해양수산위원회,해양수산부,국가어항,어유정항 화장실 신축,1,150,0,0,0
BG330,국방위원회,국방부,일반지원시설,53사단 지휘통제실 확장 및 간부교육장 신축,1,132,0,0,0
BG331,문화체육관광위원회,문화체육관광부,전통종교문화유산보존,경남 진주 연화사 개보수,1,120,0,0,1
BG332,환경노동위원회,환경부,하수처리수재이용사업,부천,1,120,0,0,0
BG333,교육위원회,교육부,사학진흥기금 전출,0,0,114,0,0,0
BG334,국회운영위원회,국회,국회청사유지및관리,의회지도자상 건립,0,110,0,0,0
BG335,환경노동위원회,기상청,기상청 청사시설 관리,기상기후인재개발체험관 설립,1,107,0,0,0
BG336,국회운영위원회,국회,입법활동지원,교섭단체 정책개발 및 정책자료발간ㆍ자문료,0,100,0,0,0
BG337,국회운영위원회,국회,국회청사유지및관리,어린이집 개보수,0,100,0,0,0
BG338,정무위원회,국무조정실 및 국무총리비서실,국토연구원(R&D),신기후체제 대응 건축 도시정책 지원사업,0,100,0,0,0
BG339,행정안전위원회,행정안전부,민주화운동기념사업회지원,모란공원 민주묘역 정비 및 민주주의 교육 콘텐츠 개발,1,100,0,0,0
BG340,문화체육관광위원회,문화체육관광부,음악산업 및 대중문화 산업 육성,서울 K-POP 공연,1,100,0,0,0
BG341,문화체육관광위원회,문화체육관광부,함께누리 지원,점자문화예술정보지 발행,0,100,0,0,0
BG342,문화체육관광위원회,문화체육관광부,아시아문화전당 콘텐츠 및 운영,문화전당 주변도로 확장 관련 사전 타당성 연구,1,100,0,0,0
BG343,농림축산식품해양수산위원회,농림축산식품부,농촌융복합산업활성화 지원,농촌융복합산업 실증화 센터 타당성 용역비,1,100,0,0,0
BG344,농림축산식품해양수산위원회,해양수산부,해양관광육성,상주 청소년해양교육원 건립,1,100,0,0,1
BG345,산업통상자원중소벤처기업위원회,산업통상자원부,생활산업경쟁력강화,기능성 타이타늄 소재 기반 패션테크 융복합 산업,0,100,0,0,0
BG346,환경노동위원회,환경부,국토생태네트워크구축,단양호 생태탐방로,1,100,0,0,0
BG347,국토교통위원회,국토교통부,일반국도건설지원,인계-쌍치 사전기본 조사비,1,100,0,1,1
BG348,국토교통위원회,국토교통부,일반국도건설지원,이원-대산 사전기본조사,1,100,0,0,1
BG349,국토교통위원회,국토교통부,도로병목지점 개선,국도 27호선 봉계 교차로 개선사업,1,100,0,0,1
BG350,국토교통위원회,국토교통부,도로병목지점 개선,국도 37호선 경기 가평 설악IC 교차로,1,100,0,0,1
BG351,국토교통위원회,국토교통부,도로병목지점 개선,국도7호선 유강 IC 진출입 램프,1,100,1,0,1
BG352,국토교통위원회,국토교통부,도로병목지점 개선,국도 45호선 충무교 단구간 확장,1,100,0,0,1
BG353,국토교통위원회,국토교통부,도로병목지점 개선,국도 22호선 전남 영광군 신천지구 교차로 6개소 개설,1,100,0,0,1
BG354,국토교통위원회,국토교통부,도로병목지점 개선,국도 30호선 전북 임실군 이도지구 단구간 확장,1,100,0,0,1
BG355,국토교통위원회,국토교통부,도로병목지점 개선,국도13호선 담양 오계 지구 교차로 개선사업,1,100,0,0,1
BG356,국토교통위원회,국토교통부,도로병목지점 개선,국대도 2-25호선 양곡 IC 교차로,1,100,0,0,1
BG357,국토교통위원회,국토교통부,국가지원지방도건설지원,두야-신진도,1,100,0,0,1
BG358,국토교통위원회,국토교통부,국가지원지방도건설지원,고양-광탄,1,100,0,0,1
BG359,문화체육관광위원회,문화체육관광부,전통종교문화유산보존,인천 강화 청련사 개보수,1,96,0,0,1
BG360,정무위원회,사회적참사 특별조사위원회,청문회 개최 지원 및 자료 검증,0,0,89,0,1,0
BG361,교육위원회,교육부,국립대병원 지원,전남대병원 차세대 통합 병원정보시스템 구축,1,88,0,0,0
BG362,정무위원회,사회적참사 특별조사위원회,대국민 소통 강화,0,0,87,0,1,0
BG363,교육위원회,교육부,재외동포교육 운영지원,프놈펜 한국학교 교장 파견,0,85,0,0,0
BG364,정무위원회,국가보훈처,현충시설건립,최재형선생기념비 건립,0,80,0,0,0
BG365,산업통상자원중소벤처기업위원회,산업통상자원부,바이오나노산업개방형 생태계조성촉진사업,충북 의료?바이오 첨단 기술 산업화 지원센터,1,80,0,0,0
BG366,국방위원회,병무청,병무행정안내,병역의무 홍보 및 교육,0,60,0,0,0
BG367,정무위원회,공정거래위원회,유통정책관 비총액인건비성 기본경비,일반수용비 등 기본경비 신규 증액분,0,55,0,0,0
BG368,행정안전위원회,행정안전부,위험도로구조개선,순창군 구룡위험도로,1,50,0,0,1
BG369,행정안전위원회,행정안전부,위험도로구조개선,고창군 수동지구 위험도로,1,50,0,0,1
BG370,환경노동위원회,환경부,수소연료전지차 보급사업,수소충전소 업무대행,0,50,0,0,0
BG371,문화체육관광위원회,문화체육관광부,전통종교문화유산보존,서울 종로 금선사 개보수,1,40,0,0,1
BG372,정무위원회,공정거래위원회,유통정책관 비총액인건비성 기본경비,기업거래정책국비총액 인건비성 기본경비 이관액,0,17,0,0,0
BG373,외교통일위원회,외교부,동북아지역국가와의 교류협력강화,한일기자단 교류,0,17,0,0,0
BG374,정무위원회,공정거래위원회,유통정책관 총액인건비성기본경비,특근매식비 등 기본경비 신규 증액분,0,16,0,0,0
BG375,정무위원회,공정거래위원회,유통정책관 총액인건비성기본경비,기업거래정책국 총액 인건비성 기본경비 이관액,0,12,0,0,0
BG376,정무위원회,공정거래위원회,건전한 유통거래 질서확립,해외 상생협력 사례조사,0,10,0,0,0
BG377,농림축산식품부,농림축산식품해양수산위원회,비축지원,정부비축기지매각대금 융자지원,0,74331,0,0,0
BG378,문화체육관광부,문화체육관광위원회,안전한 스포츠 활동 지원,국제대회계기 안전종합시스템 구축운영,0,11000,0,0,0
BG379,농림축산식품부,농림축산식품해양수산위원회,비축지원,밀 비축제 도입,0,10000,0,0,0
BG380,교육부,교육위원회,사립대학 시간강사 처우개선(융자),0,0,6500,0,0,0
BG381,과학기술정보통신부,과학기술정보방송통신위원회,SW 융합클러스터 2.0,0,0,6300,0,0,0
BG382,기획재정부,기획재정위원회,경찰청 수원팔달 경찰서 신축,0,1,5000,0,0,0
BG383,기획재정부,기획재정위원회,경찰청 지구대 파출소 낙도치안센터 청사시설 취득,고양서 도래울파출소 신축,1,2310,0,0,0
BG384,기획재정부,기획재정위원회,경찰청 지구대 파출소 낙도치안센터 청사시설 취득,부산사상서 덕포파출소 신축,1,2300,0,0,0
BG385,문화체육관광부,문화체육관광위원회,전통문화체험 지원,문경 세계명상마을 조성,1,2250,0,0,0
BG386,기획재정부,기획재정위원회,경찰청 지구대 파출소 낙도치안센터 청사시설 취득,김포서 운양파출소 신축,1,2200,0,0,0
BG387,문화체육관광부,문화체육관광위원회,기초생활체육 저변확산 지원,남양주 국제유소년 축구센터 건립,1,2150,1,0,0
BG388,기획재정부,기획재정위원회,경찰청 지구대 파출소 낙도치안센터 청사시설 취득,구리서 갈매파출소 신축,1,2080,0,0,0
BG389,기획재정부,기획재정위원회,경찰청 경찰서 청사시설 신축,증평경찰서 신축,1,2000,0,0,0
BG390,기획재정부,기획재정위원회,경찰청 지구대 파출소 낙도치안센터 청사시설 취득,안양만안서 안양지구대 신축,1,2000,0,0,0
BG391,기획재정부,기획재정위원회,경찰청 지구대 파출소 낙도치안센터 청사시설 취득,동작서 사당지구대 신축,1,2000,0,0,0
BG392,기획재정부,기획재정위원회,경찰청 지구대 파출소 낙도치안센터 청사시설 취득,서울도봉서 도봉1파출소 신축,1,2000,0,0,0
BG393,기획재정부,기획재정위원회,경찰청 지구대 파출소 낙도치안센터 청사시설 취득,인천서부서 가정지구대 신축,1,1980,0,0,0
BG394,기획재정부,기획재정위원회,경찰청 지구대 파출소 낙도치안센터 청사시설 취득,양산서 평산파출소 신축,1,1814,0,0,0
BG395,기획재정부,기획재정위원회,경찰청 지구대 파출소 낙도치안센터 청사시설 취득,대전중부서 유등지구대 신축,1,1799,0,0,0
BG396,문화체육관광부,문화체육관광위원회,영화정책지원,한국영화 100주년 기념사업,0,1570,0,0,0
BG397,과학기술정보통신부,과학기술정보방송통신위원회,방사선 안전기반조성,방사선안전규제정보 분석 및 관리,0,1452,0,0,0
BG398,과학기술정보통신부,과학기술정보방송통신위원회,차세대 융합형 콘텐츠 산업 육성,스마트융복합 멀티플렉스 조성,1,1400,0,0,0
BG399,보건복지부,보건복지위원회,국가결핵예방,서울 서북병원 시설개선,1,1400,0,0,0
BG400,기획재정부,기획재정위원회,경찰청 경찰서 청사시설 증축,부여경찰서 사무동 증축,1,1231,0,0,0
BG401,과학기술정보통신부,과학기술정보방송통신위원회,방사선 안전기반조성,방사선위치추적관리 시스템 운영,0,1186,0,0,0
BG402,기획재정부,기획재정위원회,경찰청 지구대 파출소 낙도치안센터 청사시설 취득,안산단원서 원선파출소 신축,1,1132,0,0,0
BG403,기획재정부,기획재정위원회,경찰청 경찰서 청사시설 증축,인천 연수경찰서 민원동 증축,1,1054,0,0,0
BG404,기획재정부,기획재정위원회,경찰청 지구대 파출소 낙도치안센터 청사시설 취득,광주광산서 월곡지구대 신축,1,1028,0,0,0
BG405,기획재정부,기획재정위원회,경찰청 경찰서 청사시설 증축,예산경찰서 사무동 증축,1,1020,0,0,0
BG406,외교부,외교통일위원회,글로벌 협력 강화,한-아세안 공공외교 네트워크 구축,0,1000,0,0,0
BG407,문화체육관광부,문화체육관광위원회,기초생활체육 저변확산 지원,신길복합문화체육센터 건립,1,1000,0,0,0
BG408,문화체육관광부,문화체육관광위원회,기초생활체육 저변확산 지원,시흥 복합체육센터 건립,1,1000,0,0,0
BG409,문화체육관광부,문화체육관광위원회,기초생활체육 저변확산 지원,묵2동 중랑문화체육복합센터 건립,1,1000,0,0,0
BG410,문화체육관광부,문화체육관광위원회,관광레저기반 구축,오시아노 국민휴양마을 조성,1,1000,0,0,0
BG411,문화체육관광부,문화체육관광위원회,전통문화체험 지원,전주 세계평화 명상센터 건립,1,1000,0,0,0
BG412,문화체육관광부,문화체육관광위원회,외래관광객유치 마케팅 활성화 지원,한중일 관광협력사업 지원,0,1000,0,0,0
BG413,농림축산식품부,농림축산식품해양수산위원회,전통발효식품육성,친환경쌀전통민속주 제조장 및 체험장 건립,1,1000,1,0,0
BG414,기획재정부,기획재정위원회,경찰청 지구대 파출소 낙도치안센터 청사시설 취득,서울중랑서 용마지구대 신축,1,982,0,0,0
BG415,기획재정부,기획재정위원회,경찰청 기타시설 취득,여수경찰서 주차타워 증축,1,958,0,0,0
BG416,보건복지부,보건복지위원회,치매관리체계 구축,신안 공립노인전문병원 확충,1,930,0,0,0
BG417,보건복지부,보건복지위원회,치매관리체계 구축,제주의료원 부설요양병원 치매전문병동 설치,1,930,0,0,0
BG418,기획재정부,기획재정위원회,경찰청 지구대 파출소 낙도치안센터 청사시설 취득,전주완산서 삼천지구대 신축,1,740,0,0,0
BG419,기획재정부,기획재정위원회,경찰청 지구대 파출소 낙도치안센터 청사시설 취득,충남홍성서 내포지구대 신축,1,710,0,0,0
BG420,기획재정부,기획재정위원회,보건복지부 국립포항검역소 직원관사 매입,0,1,670,0,0,0
BG421,기획재정부,기획재정위원회,경찰청 지구대 파출소 낙도치안센터 청사시설 취득,충남태안서 안면파출소 신축,1,640,0,0,0
BG422,기획재정부,기획재정위원회,경찰청 지구대 파출소 낙도치안센터 청사시설 취득,진도서 고군파출소 신축,1,640,0,0,0
BG423,보건복지부,보건복지위원회,치매관리체계 구축,대전시립 제1노인 전문병원 치매전문병동 확충,1,630,0,0,0
BG424,농림축산식품부,농림축산식품해양수산위원회,전통발효식품육성,남해안권 발효식품산업지원센터 건립,1,600,0,0,0
BG425,산업통상자원부,산업통상자원중소벤처기업위원회,에너지산업 융복합단지 기반구축,0,0,600,0,0,0
BG426,보건복지부,보건복지위원회,자살예방 및 지역정신보건사업,자살유가족 등 지원사업,0,600,0,0,0
BG427,과학기술정보통신부,과학기술정보방송통신위원회,방사선 안전기반조성,종사자안전규제정보 분석 및 관리,0,586,0,0,0
BG428,과학기술정보통신부,과학기술정보방송통신위원회,ICT 진흥 및 혁신 기반조성(R&D),ICT 규제개혁 및 ICT 기반사회현안해결방안연구,0,580,0,0,0
BG429,기획재정부,기획재정위원회,경찰청 지구대 파출소 낙도치안센터 청사시설 취득,포천서 이동파출소 신축,1,537,0,0,0
BG430,기획재정부,기획재정위원회,경찰청 경찰서 청사시설 신축,평택 북부경찰서 신축,1,530,0,0,0
BG431,보건복지부,보건복지위원회,치매관리체계 구축,완주 공립요양병원 치매전문병동 확충,1,530,0,0,0
BG432,과학기술정보통신부,과학기술정보방송통신위원회,방사선 안전기반조성,방사선애로기술 지원센터 운영,0,527,0,0,0
BG433,기획재정부,기획재정위원회,경찰청 지구대 파출소 낙도치안센터 청사시설 취득,익산서 성당파출소 신축,1,522,0,0,0
BG434,기획재정부,기획재정위원회,경찰청 지구대 파출소 낙도치안센터 청사시설 취득,연천서 왕징파출소 신축,1,513,0,0,0
BG435,기획재정부,기획재정위원회,경찰청 지구대 파출소 낙도치안센터 청사시설 취득,전남광양서 진상파출소 신축,1,510,0,0,0
BG436,기획재정부,기획재정위원회,경찰청 지구대 파출소 낙도치안센터 청사시설 취득,인천강화서 불은파출소 신축,1,481,0,0,0
BG437,기획재정부,기획재정위원회,경찰청 지구대 파출소 낙도치안센터 청사시설 취득,무주서 안성파출소 신축,1,477,0,0,0
BG438,문화체육관광부,문화체육관광위원회,관광레저기반 구축,인천 만석해안산책로 조성,1,407,0,0,0
BG439,문화체육관광부,문화체육관광위원회,한국관광콘텐츠 활성화,강원도 지역관광 올림픽 연계 홍보,1,400,0,0,0
BG440,기획재정부,기획재정위원회,경찰청 지구대 파출소 낙도치안센터 청사시설 취득,강남서 삼성1파출소 증축,1,350,0,0,0
BG441,기획재정부,기획재정위원회,경찰청 지구대 파출소 낙도치안센터 청사시설 취득,대구강북서 무태파출소 증축,1,318,0,0,0
BG442,문화체육관광부,문화체육관광위원회,문화관광축제지원(보조),영호남 관광문화예술박람회,1,300,0,0,0
BG443,기획재정부,기획재정위원회,경찰청 기타시설 취득,경찰종합 민원콜센터 신축,1,210,0,0,0
BG444,과학기술정보통신부,과학기술정보방송통신위원회,ICT 진흥 및 혁신 기반조성(R&D),융합산업활성화 기반조성,0,200,0,0,0
BG445,보건복지부,보건복지위원회,모자보건사업,난임치료 지원제도 발전 방안 연구 용역,0,200,0,0,0
BG446,보건복지부,보건복지위원회,연기금 전문인력 양성 프로그램 연구용역,0,0,200,0,0,0
BG447,여성가족부,여성가족위원회,건강가정 및 다문화가족지원,국외 다문화가족지원 사업,0,200,0,0,0
BG448,기획재정부,기획재정위원회,경찰청 경찰서 청사시설 신축,옥천경찰서 신축,1,198,0,0,0
BG449,기획재정부,기획재정위원회,경찰청 청사점유 토지 취득,인천 강화서 교동파출소 토지매입,1,164,0,0,0
BG450,외교부,외교통일위원회,글로벌 협력 강화,동북아 평화번영연구소 운영,0,150,0,0,0
BG451,문화체육관광부,문화체육관광위원회,전통문화체험 지원,봉은사 전통문화센터 조성,1,90,0,0,0
BG452,보건복지부,보건복지위원회,치매관리체계 구축,치매관리체계 사업운영,0,50,0,0,0
BG453,문화체육관광부,문화체육관광위원회,체육문화예술사업의 지원,학교체육진흥 연구회 지원,0,10,0,0,0
